"ID","Text","Language","Type","Author Name","Author Username","View Count","Reply Count","Retweet Count","Quote Count","Favorite Count","Bookmark Count","Created At","Tweet URL","Source","Hashtags","URLs","Media Type","Media URLs"
"2001051737461858776","Tons of good teams migrating to pumpfun this week and next don’t miss them 🫡","en","Retweet","RainsRevenge♦️","RainsRevenge","9107","39","18","2","104","3","2025-12-17 06:08:06","https://x.com/RainsRevenge/status/2001051737461858776","<a href=""https://mobile.twitter.com"" rel=""nofollow"">Twitter Web App</a>","","","",""
"2001063162196713901","@OGshoots 💊🔄","qme","Reply","Migrate.Fun (MIGRATING NOW)","MigrateFun","345","0","0","0","9","0","2025-12-17 06:53:30","https://x.com/MigrateFun/status/2001063162196713901","<a href=""https://mobile.twitter.com"" rel=""nofollow"">Twitter Web App</a>","","","",""
"2001046127525679208","Migrate your liquidity, unlock creator fees 🔓","en","Tweet","Migrate.Fun (MIGRATING NOW)","MigrateFun","1131","3","2","0","14","0","2025-12-17 05:45:49","https://x.com/MigrateFun/status/2001046127525679208","<a href=""https://mobile.twitter.com"" rel=""nofollow"">Twitter Web App</a>","","","",""
"2001045430923354568","The @PayAINetwork team recently completed a token migration, giving them full control over their LP and the ability to earn trading fees to help bootstrap the project.

After their last appearance on our stream, $PAYAI surged nearly 20x, but as @notorious_d_e_v revealed, the team didn’t earn any fees on the roughly $100M in trading volume.

The migration was carried out via @MigrateFun, another strong team we’ve featured on the show, with the token successfully migrated to Raydium.","en","Quoted","MCG","MCGlive","2109","1","4","1","24","0","2025-12-17 05:43:03","https://x.com/MCGlive/status/2001045430923354568","<a href=""https://mobile.twitter.com"" rel=""nofollow"">Twitter Web App</a>","","","video","https://video.twimg.com/amplify_video/2001044732068372480/vid/avc1/1920x1080/IdL5VEW-QU9pgbq0.mp4?tag=21"
"2001020837399552239","We're live with @EmblemVault to discuss our recently-completed @Pumpfun migration(via @MigrateFun) and the exciting road ahead for $PYRO. Join us!

https://t.co/Bzw1e6voZF","en","Retweet","Pyro","pyrodotbuzz","1002","3","5","0","12","0","2025-12-17 04:05:19","https://x.com/pyrodotbuzz/status/2001020837399552239","<a href=""https://mobile.twitter.com"" rel=""nofollow"">Twitter Web App</a>","","https://x.com/i/spaces/1BRJjgXZOELxw","",""
"2001026524909330723","@navi9000x @RainsRevenge bullish 🔄","en","Reply","Migrate.Fun (MIGRATING NOW)","MigrateFun","176","0","0","0","5","0","2025-12-17 04:27:55","https://x.com/MigrateFun/status/2001026524909330723","<a href=""https://mobile.twitter.com"" rel=""nofollow"">Twitter Web App</a>","","","",""
"2001026081973735785","@Agok_AI 🔄","qme","Reply","Migrate.Fun (MIGRATING NOW)","MigrateFun","136","0","0","0","0","0","2025-12-17 04:26:09","https://x.com/MigrateFun/status/2001026081973735785","<a href=""https://mobile.twitter.com"" rel=""nofollow"">Twitter Web App</a>","","","",""
"2001025500328943820","How to migrate old Agok?

New CA:

HC1sJQuYAdsjrPeKXeNkJGP9yPpdjpNtngUGhuKMpump https://t.co/zDo1Sbq5em","in","Retweet","Agok","Agok_AI","872","2","3","0","9","0","2025-12-17 04:23:51","https://x.com/Agok_AI/status/2001025500328943820","<a href=""https://mobile.twitter.com"" rel=""nofollow"">Twitter Web App</a>","","","video","https://video.twimg.com/amplify_video/2001024077662720000/vid/avc1/2826x1540/2yf7dGdqv12cVRK0.mp4?tag=21"
"2001013570449142075","@AgentNyla 🔄","qme","Reply","Migrate.Fun (MIGRATING NOW)","MigrateFun","234","0","1","0","6","0","2025-12-17 03:36:26","https://x.com/MigrateFun/status/2001013570449142075","<a href=""https://mobile.twitter.com"" rel=""nofollow"">Twitter Web App</a>","","","",""
"2001013030633787521","The new NYLA is now LIVE on @Pumpfun! 🎉

PF Contact Address: 7NgzCgQ8vrosdtxUonHvWETQ41mL9XQ5Z2JqJjhQpump

🔄 Trading and claims for migrated tokens are available now (Details Below). 

Welcome to a new era of Nyla 🟢⚪️ https://t.co/q5wxXqaEbJ","en","Retweet","NYLA","AgentNyla","16011","44","53","18","120","10","2025-12-17 03:34:18","https://x.com/AgentNyla/status/2001013030633787521","<a href=""https://mobile.twitter.com"" rel=""nofollow"">Twitter Web App</a>","","","video","https://video.twimg.com/amplify_video/2001011432490504196/vid/avc1/1920x1088/raH11m5anHYtBCEY.mp4?tag=21"
"2001011683591135477","@tri_sigma_ m/acc","fr","Reply","Migrate.Fun (MIGRATING NOW)","MigrateFun","375","0","0","0","0","0","2025-12-17 03:28:57","https://x.com/MigrateFun/status/2001011683591135477","<a href=""https://mobile.twitter.com"" rel=""nofollow"">Twitter Web App</a>","","","",""
"2000999824389464470","Migrations for @theOutlastApp just ended. Here's how to claim your new EDGE tokens👇

Visit -&gt; https://t.co/khdmYVJckp https://t.co/Bnb1ELWsH6","en","Tweet","Migrate.Fun (MIGRATING NOW)","MigrateFun","490","0","1","0","5","1","2025-12-17 02:41:49","https://x.com/MigrateFun/status/2000999824389464470","<a href=""https://mobile.twitter.com"" rel=""nofollow"">Twitter Web App</a>","","https://migrate.fun/","video","https://video.twimg.com/amplify_video/2000999609112707072/vid/avc1/2834x1504/wn6ZCprH7qfsTMZe.mp4?tag=21"
"2000995213687578703","We live on Pump https://t.co/bPgfKKf1yo","en","Retweet","Outlast","theOutlastApp","5820","24","8","4","62","2","2025-12-17 02:23:30","https://x.com/theOutlastApp/status/2000995213687578703","<a href=""https://mobile.twitter.com"" rel=""nofollow"">Twitter Web App</a>","","","video","https://video.twimg.com/amplify_video/2000994699088420869/vid/avc1/1920x1080/9BlPPynF74h_E_fT.mp4?tag=21"
"2000996907389477010","Pyro is now LIVE on @Pumpfun.

The monetization layer for Creator Capital Markets is now embedded directly into @Solana’s largest livestreamer ecosystem.

Pyro is the first on-chain sponsorship marketplace for Web3 creators, giving streamers on Solana and @Base the tools to earn sustainable income and drive lasting value for their coins.

🔥 How it works:
• Brands buy and burn creator coins to secure in stream banner placement
• Creators earn from sponsorships and tips
• Platform revenue buys back and burns $PYRO

Creators and brands can get started at https://t.co/nmRvmJZkee.

CA: 8h2uxRSuyGyVHunjvNsqKEqYta9nUBPkTumEhmH2pump

Creator Capital Markets are here.","en","Retweet","Pyro","pyrodotbuzz","5118","31","12","3","68","2","2025-12-17 02:30:14","https://x.com/pyrodotbuzz/status/2000996907389477010","<a href=""https://mobile.twitter.com"" rel=""nofollow"">Twitter Web App</a>","","","photo","https://pbs.twimg.com/media/G8T4FNCWAAAQZBN.jpg"
"2000901740820849024","There is 1 week left for the $FASH migration.

If you’ve never done a migration before, @adamamcbride has prepared a step-by-step video for you.

🔗 https://t.co/EgqtpsJ8DD

After this 1-week period, $FASH will launch on Pumpfun. https://t.co/eWafFxBM7M","en","Retweet","FashAI","Fash_AI","713","1","3","0","11","0","2025-12-16 20:12:04","https://x.com/Fash_AI/status/2000901740820849024","<a href=""https://mobile.twitter.com"" rel=""nofollow"">Twitter Web App</a>","","http://migrate.fun/migrate/mig94","video","https://video.twimg.com/amplify_video/2000900782988636166/vid/avc1/2836x1524/KMuyFIU8CwVHHKTJ.mp4?tag=21"
"2000859686786957469","20% of $SNAI holders have migrated so far. Don't risk losing your tokens. Migrate now.","en","Retweet","SwarmNode.ai (migrating)","swarmnode","5442","18","16","0","63","2","2025-12-16 17:24:58","https://x.com/swarmnode/status/2000859686786957469","<a href=""https://mobile.twitter.com"" rel=""nofollow"">Twitter Web App</a>","","","",""
"2000969393174667349","@Agok_AI @Pumpfun 🔄","qme","Reply","Migrate.Fun (MIGRATING NOW)","MigrateFun","117","0","0","0","0","0","2025-12-17 00:40:54","https://x.com/MigrateFun/status/2000969393174667349","<a href=""https://mobile.twitter.com"" rel=""nofollow"">Twitter Web App</a>","","","",""
"2000969352963588251","Last chance to migrate🚨","en","Tweet","Migrate.Fun (MIGRATING NOW)","MigrateFun","797","0","3","0","5","0","2025-12-17 00:40:44","https://x.com/MigrateFun/status/2000969352963588251","<a href=""https://mobile.twitter.com"" rel=""nofollow"">Twitter Web App</a>","","","",""
"2000952852135788584","Final hours to migrate!

Polymarket showed what happens when questions become markets.

Now imagine that energy… on @PumpFun.

New CA out at around 14:30pm EST.

@MigrateFun 👀 https://t.co/r9aPfW8Oj9","en","Quoted","Agok","Agok_AI","1665","1","0","1","17","0","2025-12-16 23:35:10","https://x.com/Agok_AI/status/2000952852135788584","<a href=""https://mobile.twitter.com"" rel=""nofollow"">Twitter Web App</a>","","","video","https://video.twimg.com/amplify_video/2000952255164350475/vid/avc1/1920x1080/KG-1CfqMzQVOHUol.mp4?tag=21"
"2000929884064112901","Final hours to migrate 🚨","en","Tweet","Migrate.Fun (MIGRATING NOW)","MigrateFun","1344","2","4","0","12","0","2025-12-16 22:03:54","https://x.com/MigrateFun/status/2000929884064112901","<a href=""https://mobile.twitter.com"" rel=""nofollow"">Twitter Web App</a>","","","",""
"2000928907185545647","🔥 PYRO Pump Migration🔥

LAST CALL.📢

The $PYRO migration window closes TODAY at 1PM EST.

All holders should migrate to @Pumpfun before the deadline.

⏳4 hours left to migrate your $PYRO

How to migrate:

1️⃣ Open the Pyro migration page:
 https://t.co/fzn7c6UHOA

2️⃣ Scroll down and click Migrate Tokens

3️⃣ Sign one transaction to deposit your PYRO and receive MFTs (redeemable for new PYRO once migration closes)

Important:

• You will still have 90 days to claim after Dec 16, but late claims incur a 10 percent fee

• Only timely migrations qualify for rewards

Migrate NOW before the window closes at 1PM EST TODAY.","en","Quoted","Pyro","pyrodotbuzz","1788","0","2","1","13","0","2025-12-16 22:00:01","https://x.com/pyrodotbuzz/status/2000928907185545647","<a href=""http://twitter.com"" rel=""nofollow"">Twitter Web Client</a>","","https://migrate.fun/project/mig102","photo","https://pbs.twimg.com/media/G8SzTSMWIAID679.jpg"
"2000862942078681119","6d 20h left to migrate your gomu tokens! 

Migrate here to avoid a penalty⤵️

https://t.co/bZUbtPmfKf

and if you need help watch our pinned tutorial 🐊💚 https://t.co/x7jvgqev0f","en","Retweet","Gomu Gator","gomugator","1362","2","11","0","27","1","2025-12-16 17:37:54","https://x.com/gomugator/status/2000862942078681119","<a href=""http://twitter.com/download/iphone"" rel=""nofollow"">Twitter for iPhone</a>","","https://migrate.fun/projects","photo","https://pbs.twimg.com/media/G8R-PXyWYAYZmR_.jpg
https://pbs.twimg.com/media/G8R-PXwWUAE_gVB.jpg"
"2000751161343926667","@ScribbIingPad @innovosensAB Please DM this account for support and can review the situation.","en","Reply","Migrate.Fun (MIGRATING NOW)","MigrateFun","140","1","0","0","0","0","2025-12-16 10:13:43","https://x.com/MigrateFun/status/2000751161343926667","<a href=""https://mobile.twitter.com"" rel=""nofollow"">Twitter Web App</a>","","","",""
"2000750664255987986","@innovosensAB @YazeedsBame DM us for support and can help","en","Reply","Migrate.Fun (MIGRATING NOW)","MigrateFun","45","0","0","0","0","0","2025-12-16 10:11:45","https://x.com/MigrateFun/status/2000750664255987986","<a href=""https://mobile.twitter.com"" rel=""nofollow"">Twitter Web App</a>","","","",""
"2000703862559453240","10am PST tomorrow we go live on PUMP

TIME TO LOCK IN

answering a few common questions in the thread below ⬇️ https://t.co/6fOCe8kTzY","en","Retweet","Outlast","theOutlastApp","2754","5","4","0","12","0","2025-12-16 07:05:46","https://x.com/theOutlastApp/status/2000703862559453240","<a href=""https://mobile.twitter.com"" rel=""nofollow"">Twitter Web App</a>","","","photo","https://pbs.twimg.com/media/G8PqHCJa4AASQiP.jpg"
"2000741521516322997","🔁 𝐓𝐨𝐦𝐨𝐫𝐫𝐨𝐰  

First @Pumpfun Migrations Closeout Party!

• Celebrating the first teams to successfully migrate to PumpFun via @MigrateFun 

See you in the morning! 🫡
https://t.co/jQYhyTfvtV","en","Retweet","Emblem Vault","EmblemVault","4205","9","14","2","31","2","2025-12-16 09:35:25","https://x.com/EmblemVault/status/2000741521516322997","<a href=""http://twitter.com/download/iphone"" rel=""nofollow"">Twitter for iPhone</a>","","https://x.com/i/spaces/1BRJjgXZOELxw","",""
"2000727730820628909","The @innovosensAB migration has ended and claims are now LIVE!

Visit -&gt; https://t.co/UY8HTs25Nx

Claim in 20 seconds 👇 https://t.co/BYsshUK9lj","en","Tweet","Migrate.Fun (MIGRATING NOW)","MigrateFun","2633","2","3","1","13","0","2025-12-16 08:40:37","https://x.com/MigrateFun/status/2000727730820628909","<a href=""https://mobile.twitter.com"" rel=""nofollow"">Twitter Web App</a>","","http://migrate.fun","video","https://video.twimg.com/amplify_video/2000727350221107200/vid/avc1/2010x1080/kZYeHq3X2kayK0FT.mp4?tag=21"
"2000726417030459581","Just claimed my $ISENS tokens on @MigrateFun! 🚀

The next chapter of $ISENS begins now! https://t.co/WVU2Ux16nA","en","Tweet","Migrate.Fun (MIGRATING NOW)","MigrateFun","878","1","4","0","13","0","2025-12-16 08:35:24","https://x.com/MigrateFun/status/2000726417030459581","<a href=""https://mobile.twitter.com"" rel=""nofollow"">Twitter Web App</a>","","","photo","https://pbs.twimg.com/media/G8QCEN9WMAMOH7Q.png"
"2000699284270801037","All ""Detail"" pages now display MFT (Migratefun Receipt Token) information and address. 

This additional context helps visualize the migration process while also providing additional information that has been requested by protocols and exchanges. https://t.co/mvqxgWK0h5","en","Tweet","Migrate.Fun (MIGRATING NOW)","MigrateFun","1320","5","7","0","30","1","2025-12-16 06:47:35","https://x.com/MigrateFun/status/2000699284270801037","<a href=""https://mobile.twitter.com"" rel=""nofollow"">Twitter Web App</a>","","","photo","https://pbs.twimg.com/media/G8Po8UcaoAAHGAw.jpg"
"2000616442476048470","🚨Final hours to migrate your @innovosensAB tokens

Go to👉 https://t.co/wmbX7fTH6h

How to ⬇️ https://t.co/XqeazQb3Qg","en","Tweet","Migrate.Fun (MIGRATING NOW)","MigrateFun","2059","0","8","1","23","1","2025-12-16 01:18:24","https://x.com/MigrateFun/status/2000616442476048470","<a href=""https://mobile.twitter.com"" rel=""nofollow"">Twitter Web App</a>","","https://migrate.fun","video","https://video.twimg.com/amplify_video/2000616263672868914/vid/avc1/2836x1524/sKI1hn5wzpbHLut1.mp4?tag=21"
"2000615676449337377","@pyrodotbuzz @Pumpfun 🔄","qme","Reply","Migrate.Fun (MIGRATING NOW)","MigrateFun","181","1","0","0","1","0","2025-12-16 01:15:21","https://x.com/MigrateFun/status/2000615676449337377","<a href=""https://mobile.twitter.com"" rel=""nofollow"">Twitter Web App</a>","","","",""
"2000611820961419453","🔥PYRO Pump Migration🔥

Reminder: all $PYRO holders should migrate via @MigrateFun before December 16 at 1PM EST.

⏳1 day left to migrate your $PYRO to @Pumpfun

How to migrate:

1️⃣ Open the Pyro migration page: https://t.co/fzn7c6UHOA

2️⃣ Scroll down and click 'Migrate Tokens'

3️⃣ Sign one transaction to deposit your PYRO and receive MFTs (redeemable for new PYRO after the window closes)

You will still have 90 days to claim after Dec 16, but late claims incur a 10 percent fee.

Migrate NOW to qualify for migration rewards.💰","en","Retweet","Pyro","pyrodotbuzz","1078","3","9","0","23","0","2025-12-16 01:00:02","https://x.com/pyrodotbuzz/status/2000611820961419453","<a href=""http://twitter.com"" rel=""nofollow"">Twitter Web Client</a>","","https://migrate.fun/project/mig102","photo","https://pbs.twimg.com/media/G8OTyyMXMAQ_wcV.jpg"
"2000340658595442806","@innovosensAB 🔄","qme","Reply","Migrate.Fun (MIGRATING NOW)","MigrateFun","228","0","0","0","3","0","2025-12-15 07:02:32","https://x.com/MigrateFun/status/2000340658595442806","<a href=""https://mobile.twitter.com"" rel=""nofollow"">Twitter Web App</a>","","","",""
"2000204686612189487","Thanks to all those who have migrated. We are now at 56%. Dont wait until last minute to migrate. Do it sooner $ISENS. Migration ends on Dec 15th at 7 PM EST without penalty.","en","Retweet","Innovosens AB INC","innovosensAB","2875","2","8","1","17","1","2025-12-14 22:02:13","https://x.com/innovosensAB/status/2000204686612189487","<a href=""http://twitter.com/download/android"" rel=""nofollow"">Twitter for Android</a>","","","",""
"1999974939852673254","Token holders who miss their migration are given 90 days to migrate through the late claims window via our snapshot and claim tool. 

Reach out if you are integration in migrating your locked liquidity 🔄","en","Tweet","Migrate.Fun (MIGRATING NOW)","MigrateFun","2340","2","4","0","14","0","2025-12-14 06:49:18","https://x.com/MigrateFun/status/1999974939852673254","<a href=""http://twitter.com/download/iphone"" rel=""nofollow"">Twitter for iPhone</a>","","","",""
"1999892179133907159","6/
A significant portion migrates through @MigrateFun - the same movement, the same goal, but at least by monitoring updates on their website, you can react to the migration in time and avoid ""donating"" your funds to an untrustworthy startup.","en","Quoted","Viau","viau50m","2537","1","0","1","1","0","2025-12-14 01:20:26","https://x.com/viau50m/status/1999892179133907159","<a href=""http://twitter.com/download/android"" rel=""nofollow"">Twitter for Android</a>","","","",""
"1999894688539800024","$ACE Migration Update 🚨

Only ~20% of $ACE holders have migrated so far. If you are still holding the legacy $ACE, you must migrate to receive the new Pumpfun contract tokens.","en","Retweet","AceDataCloud","acedatacloud","6299","11","12","0","44","0","2025-12-14 01:30:24","https://x.com/acedatacloud/status/1999894688539800024","<a href=""https://mobile.twitter.com"" rel=""nofollow"">Twitter Web App</a>","","","",""
"1999953972262801742","@viau50m Once a migration ends the platform takes a snapshot of holders who missed the migration and opens up claims for 90 days.

Teams have the option to choose a penalty for those who missed but every token holder has a chance to migrate for 90 days AFTER the final sell takes place.","en","Reply","Migrate.Fun (MIGRATING NOW)","MigrateFun","46","0","0","0","1","0","2025-12-14 05:25:58","https://x.com/MigrateFun/status/1999953972262801742","<a href=""http://twitter.com/download/iphone"" rel=""nofollow"">Twitter for iPhone</a>","","","",""
"1999524654814494820","🔥PYRO Pump Migration🔥

Reminder: all $PYRO holders should migrate via @MigrateFun before December 16 at 1PM EST.

⏳4 days left to migrate your $PYRO to @Pumpfun

How to migrate:

1️⃣ Open the Pyro migration page: https://t.co/fzn7c6UHOA

2️⃣ Scroll down and click 'Migrate Tokens'

3️⃣ Sign one transaction to deposit your PYRO and receive MFTs (redeemable for new PYRO after the window closes)

You will still have 90 days to claim after Dec 16, but late claims incur a 10 percent fee.

Migrate NOW to qualify for migration rewards.💰","en","Retweet","Pyro","pyrodotbuzz","883","0","6","0","11","0","2025-12-13 01:00:01","https://x.com/pyrodotbuzz/status/1999524654814494820","<a href=""http://twitter.com"" rel=""nofollow"">Twitter Web Client</a>","","https://migrate.fun/project/mig102","photo","https://pbs.twimg.com/media/G7-nR3xXsAM9zzg.jpg"
"1999177458269200476","https://t.co/Cu5yga2aqI","zxx","Retweet","Emblem Vault","EmblemVault","3214","17","14","2","36","0","2025-12-12 02:00:23","https://x.com/EmblemVault/status/1999177458269200476","<a href=""http://twitter.com/download/iphone"" rel=""nofollow"">Twitter for iPhone</a>","","https://x.com/i/spaces/1ynJOMOEAMvKR","",""
"1999147168226042018","@thegoodzio @RockDCAs @chris_devv @pyrodotbuzz @DCAtoDCA https://t.co/DnMGdZA4lN","qme","Reply","Migrate.Fun (MIGRATING NOW)","MigrateFun","161","1","0","0","3","0","2025-12-12 00:00:01","https://x.com/MigrateFun/status/1999147168226042018","<a href=""https://mobile.twitter.com"" rel=""nofollow"">Twitter Web App</a>","","https://x.com/MigrateFun/status/1971695882463760718","",""
"1998721744606212379","It's so easy guys 🔥

$AKA → new $AKA migration live via @MigrateFun (powered by the $HUSTLE legends)

User-friendly, fast, safe 🔐

Check my quick mobile tutorial on the Phantom wallet 📢👇🏽 https://t.co/qoSo3trP60","en","Retweet","iamMAD","my_mad89","1785","1","6","1","10","1","2025-12-10 19:49:33","https://x.com/my_mad89/status/1998721744606212379","<a href=""http://twitter.com/download/android"" rel=""nofollow"">Twitter for Android</a>","","","video","https://video.twimg.com/ext_tw_video/1998721617292308481/pu/vid/avc1/576x1280/5EMlIeVWx5YmcO58.mp4?tag=19"
"1998862726811263118","Today on OnChain Revolution we are dropping a full tutorial on migrating tokens with @MigrateFun. No more being stuck in dead pools. With MigrateFun you can jump from pool to pool in seconds, powered by $HUSTLE token from @AgentHustleAI.

In this tutorial, we walk you step by step through how to migrate on the platform so you can complete your first move with confidence. The process is fast, simple, and built for creators who want to take back control of their liquidity.

Migration has never been this easy. Let us get started.","en","Retweet","OnChain Revolution Media","OnChainRev","2613","6","12","1","28","2","2025-12-11 05:09:45","https://x.com/OnChainRev/status/1998862726811263118","<a href=""https://mobile.twitter.com"" rel=""nofollow"">Twitter Web App</a>","","","video","https://video.twimg.com/amplify_video/1998857295212445696/vid/avc1/1920x1080/PtQbrZTUe2kTuKu_.mp4?tag=21"
"1998799299887669418","Interested in migrating your project to a new Solana ecosystem?

Interested in migrating your project to a new EVM ecosystem?

@MigrateFun is here to help you out 🔄 https://t.co/D823viFLFB","en","Reply","Migrate.Fun (MIGRATING NOW)","MigrateFun","819","1","3","0","11","0","2025-12-11 00:57:43","https://x.com/MigrateFun/status/1998799299887669418","<a href=""https://mobile.twitter.com"" rel=""nofollow"">Twitter Web App</a>","","","photo","https://pbs.twimg.com/media/G70oZ9DaMAI1Zvj.jpg"
"1998799297488572842","Once the migration is complete, the Migratefun team will provide an administrative checklist to ensure your new token is listed in all of the proper locations. https://t.co/djpd3UflfI","en","Reply","Migrate.Fun (MIGRATING NOW)","MigrateFun","903","1","3","0","12","0","2025-12-11 00:57:43","https://x.com/MigrateFun/status/1998799297488572842","<a href=""https://mobile.twitter.com"" rel=""nofollow"">Twitter Web App</a>","","","photo","https://pbs.twimg.com/media/G70n7V8aMAIUotl.jpg"
"1998799295194214775","The migratefun team has talked with 300+ projects since the platform launch about a migration.

It’s critical to be highly communicative and transparent at this stage. Clear, frequent updates are key to maximizing migration participation. https://t.co/H0SmybbXOe","en","Reply","Migrate.Fun (MIGRATING NOW)","MigrateFun","194","1","0","0","5","0","2025-12-11 00:57:42","https://x.com/MigrateFun/status/1998799295194214775","<a href=""https://mobile.twitter.com"" rel=""nofollow"">Twitter Web App</a>","","","photo","https://pbs.twimg.com/media/G70nV2VbIAANwhY.jpg"
"1998799292878958706","Continuous awareness building, information sharing, and educational teaching is required to undergo a succesful migration. https://t.co/ugHygwEoMy","en","Reply","Migrate.Fun (MIGRATING NOW)","MigrateFun","208","1","0","0","6","0","2025-12-11 00:57:41","https://x.com/MigrateFun/status/1998799292878958706","<a href=""https://mobile.twitter.com"" rel=""nofollow"">Twitter Web App</a>","","","photo","https://pbs.twimg.com/media/G70nFINaMAEOH6z.jpg"
"1998799290307850408","Migrations with the highest participation are from those teams who effectively market the migration to their community privately and publicly. https://t.co/GVuKOs0WOz","en","Reply","Migrate.Fun (MIGRATING NOW)","MigrateFun","177","1","0","0","7","0","2025-12-11 00:57:41","https://x.com/MigrateFun/status/1998799290307850408","<a href=""https://mobile.twitter.com"" rel=""nofollow"">Twitter Web App</a>","","","photo","https://pbs.twimg.com/media/G70m40LbAAAI9tM.jpg"
"1998799288080712182","Our FAQs can be found on our website at https://t.co/UY8HTs2DD5 and inside of our documentation. https://t.co/FAAP758rcv","en","Reply","Migrate.Fun (MIGRATING NOW)","MigrateFun","215","1","1","0","6","0","2025-12-11 00:57:40","https://x.com/MigrateFun/status/1998799288080712182","<a href=""https://mobile.twitter.com"" rel=""nofollow"">Twitter Web App</a>","","http://migrate.fun","photo","https://pbs.twimg.com/media/G70msWgaMAQjbQX.jpg"
"1998799285849395631","Once the migration is complete all of the old tokens that are locked in the migration vault are sold into the existing LP to recover SOL. 

That SOL is then paired with the new token to seed the new LP in the desired migrating ecosystem. https://t.co/7daNiCP9ho","en","Reply","Migrate.Fun (MIGRATING NOW)","MigrateFun","329","1","0","0","9","0","2025-12-11 00:57:40","https://x.com/MigrateFun/status/1998799285849395631","<a href=""https://mobile.twitter.com"" rel=""nofollow"">Twitter Web App</a>","","","photo","https://pbs.twimg.com/media/G70mLOKaEAAb5Tl.jpg"
"1998799283492106543","Upon completion of the migration, MFT holders will return to https://t.co/3aRn6exgXN to receive their new tokens once the claim portal is opened by the migrating team. 

The platform also takes a snapshot of holders who missed the migration so that they can also claim new tokens in the 90-day late claims window.","en","Reply","Migrate.Fun (MIGRATING NOW)","MigrateFun","296","1","0","0","9","0","2025-12-11 00:57:39","https://x.com/MigrateFun/status/1998799283492106543","<a href=""https://mobile.twitter.com"" rel=""nofollow"">Twitter Web App</a>","","http://migrate.fun","photo","https://pbs.twimg.com/media/G70lsWMaEAAU8-i.jpg"
"1998799280635777221","Our platform unlocks the capabilities to migrate LOCKED liquidity from one location to another. 

Once a team sets up their migration through @MigrateFun, users will come to the platform and lock their old tokens inside of the migration portal and receive a MFT (MigrateFun Token) placeholder until the migration is complete.","en","Reply","Migrate.Fun (MIGRATING NOW)","MigrateFun","318","1","0","0","9","0","2025-12-11 00:57:39","https://x.com/MigrateFun/status/1998799280635777221","<a href=""https://mobile.twitter.com"" rel=""nofollow"">Twitter Web App</a>","","","photo","https://pbs.twimg.com/media/G70lCp2aMAMctqb.jpg"
"1998799277964095633","Migrations are not a new phenomenon to crypto. In fact, they are nearly as old as crypto itself! 

Although migrations are over a decade old practice, the implementations and methodologies have progressed alongside the industry. https://t.co/TGMfpa7f3q","en","Reply","Migrate.Fun (MIGRATING NOW)","MigrateFun","243","1","0","0","8","0","2025-12-11 00:57:38","https://x.com/MigrateFun/status/1998799277964095633","<a href=""https://mobile.twitter.com"" rel=""nofollow"">Twitter Web App</a>","","","photo","https://pbs.twimg.com/media/G70kpW_bIAAmLdA.jpg"
"1998799275669766621","Welcome to @MigrateFun, a brand new migration experience. 

Since July, our platform has migrated 40+ projects and $10M+ in liquidity across Solana AMMs and launchpads. 

What is it and why are teams using https://t.co/UY8HTs2DD5? 🧵 https://t.co/RQcYVgPpbN","en","Tweet","Migrate.Fun (MIGRATING NOW)","MigrateFun","4105","10","19","2","52","5","2025-12-11 00:57:37","https://x.com/MigrateFun/status/1998799275669766621","<a href=""https://mobile.twitter.com"" rel=""nofollow"">Twitter Web App</a>","","http://migrate.fun","photo","https://pbs.twimg.com/media/G70kMJraMAEJKUl.jpg"
"1998782608402989395","@acedatacloud 🔄","qme","Reply","Migrate.Fun (MIGRATING NOW)","MigrateFun","522","0","0","0","2","0","2025-12-10 23:51:24","https://x.com/MigrateFun/status/1998782608402989395","<a href=""https://mobile.twitter.com"" rel=""nofollow"">Twitter Web App</a>","","","",""
"1998468168613007378","$ACE Pump Migration Started! 🚀

Ace Data Cloud is migrating from the legacy $ACE token to a new Pumpfun contract with @MigrateFun.

Migration process:
- Go to https://t.co/8VQWuuX3DG
- Scroll to the bottom of the page and select “Migrate Tokens”.
- Swap your old $ACE for MFT, which will be redeemable for the new token when claims are enabled after migration ends.

Timing (UTC):
- Migration opens Dec 9 at 18:00 UTC
- Migration closes Dec 24 at 04:59 UTC

After migration ends, return to https://t.co/8VQWuuX3DG to claim your new tokens with the Pumpfun contract address.

The updated CA will be posted by this official account once it is live post-migration.

Note: If you miss the main migration window, you still have 90 days to claim, with a 10% late fee. All migration information will only be shared from this X account – beware of scams or other messages. 💪

Check more for the Video Tutorial: https://t.co/K3JhKGt5Tx

$ACE","en","Retweet","AceDataCloud","acedatacloud","29368","22","30","1","70","16","2025-12-10 03:01:55","https://x.com/acedatacloud/status/1998468168613007378","<a href=""https://mobile.twitter.com"" rel=""nofollow"">Twitter Web App</a>","","https://migrate.fun/project/mig99","photo","https://pbs.twimg.com/media/G7v7o5faMAQ_j5U.jpg"
"1998773870367510864","@realisworlds 🔄","qme","Reply","Migrate.Fun (MIGRATING NOW)","MigrateFun","51","0","0","0","0","0","2025-12-10 23:16:40","https://x.com/MigrateFun/status/1998773870367510864","<a href=""https://mobile.twitter.com"" rel=""nofollow"">Twitter Web App</a>","","","",""
"1998463006837997965","🚀The $REALIS Migration is LIVE🚀

The Migration officially started Dec 9, 1PM EST and is open until Dec 23, 1PM EST

Migrate your $REALIS tokens now! 👇
https://t.co/dCRXiRNR1G

Here is everything you need to know⤵️","en","Retweet","Realis Worlds","realisworlds","6318","9","21","5","61","18","2025-12-10 02:41:25","https://x.com/realisworlds/status/1998463006837997965","<a href=""https://mobile.twitter.com"" rel=""nofollow"">Twitter Web App</a>","","https://migrate.fun/migrate/mig97","",""
"1998492273601093842","This is how easy it is to join the $NYLA migration to @Pumpfun.

Huge thanks to our friends at @MigrateFun for powering the process and for providing this walkthrough video.

Official Migration Link: 
🔗 https://t.co/Vf0obphtPL https://t.co/1n2HbNp9fc","en","Retweet","NYLA","AgentNyla","5754","10","38","1","85","13","2025-12-10 04:37:42","https://x.com/AgentNyla/status/1998492273601093842","<a href=""https://mobile.twitter.com"" rel=""nofollow"">Twitter Web App</a>","","https://migrate.fun/migrate/mig90","video","https://video.twimg.com/amplify_video/1998490899030966272/vid/avc1/2836x1524/GTHN6J4UgY3y3MBC.mp4?tag=21"
"1998494837654380947","🎉 GOMU MIGRATION IS NOW LIVE! 🐊

You can now migrate your $GOMU tokens through @MigrateFun.

How to migrate:
1. Connect your wallet at: https://t.co/PfrBMAvBpz

2. Select “Gomu Migration”

3. Click “Max” and then “Migrate Tokens”

4. Confirm the transaction in your wallet

⏳ You have 14 days to migrate without the 10% late penalty.
After the window closes, migrations will still be possible — but with the penalty applied.

⚠️ Important:
You will not receive your new tokens immediately. All tokens will be distributed at the end of the migration period.

Let’s get it done, Gomus. 🐊🔥","en","Retweet","Gomu Gator","gomugator","6650","24","26","3","49","6","2025-12-10 04:47:54","https://x.com/gomugator/status/1998494837654380947","<a href=""http://twitter.com/download/iphone"" rel=""nofollow"">Twitter for iPhone</a>","","https://migrate.fun/projects","video","https://video.twimg.com/amplify_video/1998494736483577856/vid/avc1/2836x1524/lQ1ml3zIOd_SHiDD.mp4?tag=21"
"1998485052951568508","👀","art","Tweet","Migrate.Fun (MIGRATING NOW)","MigrateFun","2764","3","7","0","15","0","2025-12-10 04:09:01","https://x.com/MigrateFun/status/1998485052951568508","<a href=""https://mobile.twitter.com"" rel=""nofollow"">Twitter Web App</a>","","","",""
"1998483072636133566","damn... over 100k+ unique users on @MigrateFun

crazy part is... we just getting started https://t.co/cmkSj6zDWn","en","Quoted","Bunzy 🔮 Alkamon Trainer","0xBunzy","5121","11","4","2","31","2","2025-12-10 04:01:09","https://x.com/0xBunzy/status/1998483072636133566","<a href=""https://mobile.twitter.com"" rel=""nofollow"">Twitter Web App</a>","","","photo","https://pbs.twimg.com/media/G7wJDcaa8AAzi28.jpg"
"1998480906701705642","🚨 PLEASE BE AWARE OF FAKE ACCOUNTS PRETENDING TO BE EMPLOYEES OF MIGRATEFUN 🚨

If the account is not badged by @EmblemVault then it's likely an impersonator.

There is only one @migratefun account.
There is only one https://t.co/UY8HTs2DD5 website. https://t.co/Tjqs4dNwvi","en","Tweet","Migrate.Fun (MIGRATING NOW)","MigrateFun","2194","5","8","1","31","1","2025-12-10 03:52:32","https://x.com/MigrateFun/status/1998480906701705642","<a href=""https://mobile.twitter.com"" rel=""nofollow"">Twitter Web App</a>","","http://migrate.fun","photo","https://pbs.twimg.com/media/G7wHa_Wa8AApvvE.jpg"
"1998479469896774132","@TheTitCoin @Pumpfun Please check your DMS","en","Reply","Migrate.Fun (MIGRATING NOW)","MigrateFun","151","1","0","0","2","0","2025-12-10 03:46:50","https://x.com/MigrateFun/status/1998479469896774132","<a href=""https://mobile.twitter.com"" rel=""nofollow"">Twitter Web App</a>","","","",""
"1998462800599888172","$SNAI migration has begun and will last 2 weeks. You must migrate your tokens in time to avoid losing them!

Here's how the process works: you swap your SNAI tokens for MFT tokens. MFT tokens are used by migratefun to facilitate migrations. After 2 weeks, when migration ends, you will exchange MFT tokens for new SNAI tokens. 

Watch the demo video below and use the following link for migration https://t.co/tbzyQjXKvK.","en","Retweet","SwarmNode.ai (migrating)","swarmnode","48747","65","66","6","161","61","2025-12-10 02:40:35","https://x.com/swarmnode/status/1998462800599888172","<a href=""https://mobile.twitter.com"" rel=""nofollow"">Twitter Web App</a>","","","video","https://video.twimg.com/amplify_video/1998460969517768705/vid/avc1/1920x1200/yADVtbo-09SBFt9b.mp4?tag=21"
"1998469088943718621","@solflare If you are using a Ledger it's best to connect through walletconnect https://t.co/2DmYL1FrJv","en","Reply","Migrate.Fun (MIGRATING NOW)","MigrateFun","1538","0","3","0","2","1","2025-12-10 03:05:35","https://x.com/MigrateFun/status/1998469088943718621","<a href=""https://mobile.twitter.com"" rel=""nofollow"">Twitter Web App</a>","","https://x.com/MigrateFun/status/1991305952533074050?s=20","",""
"1998457968564592888","@pyrodotbuzz @Pumpfun 🔄","qme","Reply","Migrate.Fun (MIGRATING NOW)","MigrateFun","221","1","0","0","2","0","2025-12-10 02:21:23","https://x.com/MigrateFun/status/1998457968564592888","<a href=""https://mobile.twitter.com"" rel=""nofollow"">Twitter Web App</a>","","","",""
"1998456448393609613","And here is the how to for @solflare https://t.co/ixUXDSaFPr","en","Reply","Migrate.Fun (MIGRATING NOW)","MigrateFun","2374","2","4","0","5","1","2025-12-10 02:15:21","https://x.com/MigrateFun/status/1998456448393609613","<a href=""https://mobile.twitter.com"" rel=""nofollow"">Twitter Web App</a>","","https://x.com/MigrateFun/status/1971933183580295518?s=20","",""
"1998456446556508452","Here's a how to for the @phantom app https://t.co/S2CoMKlupm","en","Reply","Migrate.Fun (MIGRATING NOW)","MigrateFun","2536","2","1","0","5","4","2025-12-10 02:15:21","https://x.com/MigrateFun/status/1998456446556508452","<a href=""https://mobile.twitter.com"" rel=""nofollow"">Twitter Web App</a>","","https://x.com/MigrateFun/status/1985843964843278521?s=20","",""
"1998456444731961687","Migrations to @Pumpfun are LIVE!!

Go to 👉 https://t.co/khdmYVIEuR

Here's a simple how-to video 👇

If your on mobile see the replies. https://t.co/RGwSjXMC0y","en","Tweet","Migrate.Fun (MIGRATING NOW)","MigrateFun","21774","21","38","15","89","21","2025-12-10 02:15:20","https://x.com/MigrateFun/status/1998456444731961687","<a href=""https://mobile.twitter.com"" rel=""nofollow"">Twitter Web App</a>","","https://migrate.fun/","video","https://video.twimg.com/amplify_video/1998454648487686144/vid/avc1/2010x1080/712mVNBNamaAqVE8.mp4?tag=21"
"1998455513994977454","The $RECC migration from Believe to @Pumpfun is officially open!

RECC Finance is set to become the first RWA-focused project inside the Pumpfun ecosystem, giving us tighter collaboration with Pump’s team, their platform, and their creators.

Migration steps:
1. Head over to https://t.co/YyKUcPg3A3
2. Select “Migrate Tokens”
3. Connect your wallet and approve a single transaction to convert your $RECC into @MigrateFun MFTs (which you’ll then redeem for the new $RECC once the migration period ends Dec 23rd)

Key dates:
- Opens: Dec 9th
- Ends: Dec 23rd
- After ending, visit https://t.co/WRzmalQmde again to claim your new $RECC on Pumpfun.

Good to know: If you miss the main window, you still get 3 extra months to migrate, with a 25% late fee.","en","Retweet","RECC Finance","RECCFinance","9917","18","25","6","100","16","2025-12-10 02:11:38","https://x.com/RECCFinance/status/1998455513994977454","<a href=""http://twitter.com/download/iphone"" rel=""nofollow"">Twitter for iPhone</a>","","","photo","https://pbs.twimg.com/media/G7vwskGWUAE0XAO.jpg"
"1998455668756435265","📢 $PRGN Migration To @Pumpfun has BEGUN

We are now ready for swap via @MigrateFun to @Pumpfun, This move embeds $PRGN directly into a  thriving ecosystem, unlocking deeper integrations a bigger platform and more connection to creators. A necessity for a ICM revenue backed tech powerhouse. 

🚨How to migrate:

1⃣Go to https://t.co/Sh6nebSqxk
2⃣Select $PRGN Migration
3⃣Sign 1 txn to swap $PRGN for 
@MigrateFun

 MFTs (redeemable for the new $PRGN at the end of the migration window)

⏰Timing:
• Migration opens Dec 9 at 1PM EST
• Migration closes Dec 19 at 9AM EST
• After it closes, return to https://t.co/jpgl6jig1l to claim your new $PRGN on Pump

Important:
• Miss the window and you still have 90 days to claim, minus a 15% late fee

 📚All historical $PRGN burns (including 32M+ tokens scorched in 68 days via real revenue and buybacks) carry over through proportional burns of the new token, increasing scarcity and deflationary mechanics

🛒With  180K+ downloads, Microsoft Store dominance reaching 1.4B users, esports partnerships and upcoming market place expansions, Me and the team are primed to dominate in @solana  ICM as the ultimate performance accelerator. This migration is just the start

Study $PRGN","en","Retweet","Paragon","ParagonTweaks","10246","10","22","0","61","10","2025-12-10 02:12:15","https://x.com/ParagonTweaks/status/1998455668756435265","<a href=""https://mobile.twitter.com"" rel=""nofollow"">Twitter Web App</a>","","","photo","https://pbs.twimg.com/media/G7vuf5qXwAAVjsK.png"
"1998452589273206833","🔥 PYRO Pump Migration🔥

The $PYRO token's migration to @Pumpfun is officially LIVE! 

Migration is open via @MigrateFun now through Dec 16 @ 1PM EST. ⏰

How to migrate:
1. Go to https://t.co/jHgxwYC5nv
2. Select PYRO Migration
3. Sign one transaction to swap your $PYRO for MFTs

Return after Dec 16 to claim your new PYRO on Pump.

Key details:
• Late claims allowed for 90 days after migration ends, minus a 10% late fee
• Migrate on time and hold for 90 days to qualify for PYRO rewards via @torqueprotocol 
• All historical PYRO burns carry over through proportional burning 

Join us on Pump for the next chapter of @solana's Creator Capital Markets.🔥","en","Retweet","Pyro","pyrodotbuzz","1647","2","11","0","22","1","2025-12-10 02:00:01","https://x.com/pyrodotbuzz/status/1998452589273206833","<a href=""http://twitter.com"" rel=""nofollow"">Twitter Web Client</a>","","https://migrate.fun","photo","https://pbs.twimg.com/media/G7vcHukW0AA6Jbk.jpg"
"1998453139465531494","📢 $SOLARIS Migration is now LIVE!

If you hold SOLARIS, follow these steps to migrate:
1. Go to https://t.co/2rxqs4jx6W
2. Click ""Migrate Tokens"" and sign one transaction to swap SOLARIS for @MigrateFun MFTs (redeemable for the new SOLARIS token at the end of the migration window)

Migration window:
• Now open as of Dec 9 at 1 PM EST
• Closes on Jan 9 at 1 PM EST

After it closes, return to the same page to claim your new SOLARIS tokens (PumpFun v2 contract address).
 
Note:
If you miss the window, you still have 90 days to claim, minus a 35% late fee.

Step by step technical guide:
https://t.co/PzsdlD4mYK

Migration FAQ:
https://t.co/XOlG29wICg

More details on why we are migrating:
https://t.co/maYYhc0y4H

Complete migration flow 👇","en","Retweet","Solaris AI","SolarisAI_fun","4621","6","13","1","26","10","2025-12-10 02:02:12","https://x.com/SolarisAI_fun/status/1998453139465531494","<a href=""https://mobile.twitter.com"" rel=""nofollow"">Twitter Web App</a>","","https://migrate.fun/project/mig105","photo","https://pbs.twimg.com/media/G7vlwN6asAAjrip.jpg"
"1998454386918645778","$PNP migration now officially live on @migratefun 

Make sure you migrate your token before Dec 16 to avoid penalty.  

Migrate here: https://t.co/dXnKEi3Azo 

Sign a single transaction to swap $PNP for @migrateFun MFTs (redeemable for the new $PNP at the end of the migration window)  

We're airdropping 1,000,000 $PNP to the holders who migrate within the first 48 hours.   

Important: Do not click on any other link regarding migration. Only trust information from our official handle.  

Our official TG chat for any questions: https://t.co/VwfK4DX92G","en","Retweet","PNP Exchange | Prediction Market Launchpad","predictandpump","6196","6","8","2","29","3","2025-12-10 02:07:09","https://x.com/predictandpump/status/1998454386918645778","<a href=""https://mobile.twitter.com"" rel=""nofollow"">Twitter Web App</a>","","https://migrate.fun/project/mig95","",""
"1998454938465349749","OMG MIGRATION IS LIVE! 
 👉https://t.co/2blO2kQ551

TL;DR: We are migrating to @Pumpfun Dec 9-18. 
If you hold DCA now, you need to go to this link above. 

Instructions:

1. Go to this link BEFORE Dec 18

2. Swap your DCA for MFT, which serves as proof for claiming new token once claim page is live.

3. Starting Dec 18 @ 12PM ET, claim your new DCA at the same link shared above (this is when the new DCA chart launches on pump!)

Deets + Advice:
- You can make multiple deposits
- Facilitated by @MigrateFun 
- Watch for scams
-There will be no airdrop.  
- Until the migration ends, DCA contract address remains the same: H4ZiFkVBWeM1vrswXzz7ARiXqYBTczjeczzaDG2fbonk

Comment for questions. Let's go!!!","en","Retweet","DCA","DCAtoDCA","4783","16","19","8","42","4","2025-12-10 02:09:21","https://x.com/DCAtoDCA/status/1998454938465349749","<a href=""https://mobile.twitter.com"" rel=""nofollow"">Twitter Web App</a>","","https://migrate.fun/migrate/mig104","photo","https://pbs.twimg.com/media/G7vvybvbQAAcoFq.jpg"
"1998455126701519351","🚨$CITIES Pump Migration 🚨

Network Cities is starting the migration from Believe to @Pumpfun with @MigrateFun.

Migration process:
1. Go to https://t.co/iTP1TUjnoZ
2. Scroll to the bottom of the page and select ""Migrate Tokens"". 
3. Sign 1 txn to swap $CITIES for MFT redeemable for the new token when the claims are enabled at the end of migration. (see image for swap txn)

Timing:
• Migration opens Dec 9 at 1PM EST 
• Migration closes Dec 24 at 1PM EST 
• After migration ends, return to the project page on https://t.co/iTP1TUjnoZ to claim your new tokens with Pump contract address

The updated CA will be posted by our account once it is live post-migration.

Note: If you miss this migration window, you still have 90 days to claim, minus a 5% late fee. Information about this migration will only be provided on this X page, be careful about any other messaging.","en","Retweet","Network Cities","network_cities_","2059","4","13","2","23","2","2025-12-10 02:10:06","https://x.com/network_cities_/status/1998455126701519351","<a href=""https://mobile.twitter.com"" rel=""nofollow"">Twitter Web App</a>","","https://migrate.fun/project/mig106","photo","https://pbs.twimg.com/media/G7vwDZ7awAAaS4H.jpg"
"1998452703966703922","https://t.co/V2pcUJjz0j","zxx","Retweet","Emblem Vault","EmblemVault","4072","31","19","3","35","3","2025-12-10 02:00:28","https://x.com/EmblemVault/status/1998452703966703922","<a href=""http://twitter.com/download/iphone"" rel=""nofollow"">Twitter for iPhone</a>","","https://x.com/i/spaces/1YqGolgjjLQJv","",""
"1998441384546824279","Today marks a big step forward: $RAIN has officially entered migration on @pumpfun

If you're holding $RAIN, here's how to migrate smoothly:

1️⃣ Open https://t.co/XXIGkdA5lI
2️⃣ Select RAIN migration
3️⃣ Swap your tokens and approve the transaction
4️⃣ You'll receive a @migratefun MFT, which serves as proof for claiming the new token once the claim page goes live

Timeline:

Migration Start: Today, Dec 9th 1 PM EST
Informational Spaces: Thurs, Dec 11th 1 PM EST
Migration End: Friday, Dec 26th 1 PM EST
Claim page will go live once new ca is launched

Note:

A snapshot will be taken of all holders before the migration period closes.

Holders who miss the initial window will still be eligible (up to 90 days) but will incur a 25% penalty

Stay updated by joining our discord and following official channels: @rainmakerdotfun @migratefun

https://t.co/BiYyOaHGS8","en","Retweet","rainmaker","rainmakerdotfun","6542","18","36","4","88","7","2025-12-10 01:15:29","https://x.com/rainmakerdotfun/status/1998441384546824279","<a href=""http://twitter.com/download/iphone"" rel=""nofollow"">Twitter for iPhone</a>","","http://migrate.fun","photo","https://pbs.twimg.com/media/G7vj2JRbMAANlW3.jpg"
"1998404740707741714","@pyrodotbuzz @Pumpfun 🔄","qme","Reply","Migrate.Fun (MIGRATING NOW)","MigrateFun","494","1","0","0","9","0","2025-12-09 22:49:53","https://x.com/MigrateFun/status/1998404740707741714","<a href=""https://mobile.twitter.com"" rel=""nofollow"">Twitter Web App</a>","","","",""
"1998403511835332657","🔥 PYRO Pump Migration🔥

Pyro begins its migration from Believe to @Pumpfun  TODAY at 1PM EST.

Moving to Pump embeds Pyro directly within the Pump streamer ecosystem and enables deeper integration with Pump’s team, platform and creators.

How to migrate:

1. Go to https://t.co/jHgxwYC5nv

2. Select PYRO Migration

3. Sign 1 txn to swap $PYRO for @MigrateFun MFTs (redeemable for the new PYRO at the end of the migration window)

Timing:
• Migration opens Dec 9 at 1PM EST
• Migration closes Dec 16 at 1PM EST
• After it closes, return to https://t.co/sZzUFuQ84D to claim your new PYRO on Pump

Important:
• Miss the window and you still have 90 days to claim, minus a 10% late fee
• Holders who migrate on time and hold for at least 90 days are eligible for PYRO rewards distributed via @torqueprotocol 
• All historical PYRO burns carry over through proportional burns of the new token

Pyro is entering a new era at the center of @Solana's Creator Capital Markets. Join us.","en","Retweet","Pyro","pyrodotbuzz","5099","28","14","2","70","3","2025-12-09 22:45:00","https://x.com/pyrodotbuzz/status/1998403511835332657","<a href=""http://twitter.com"" rel=""nofollow"">Twitter Web Client</a>","","","photo","https://pbs.twimg.com/media/G7u_KqrWEAAZpr2.jpg"
"1998248374286659773","IT’S ALMOST TIME!

The $BER migration to @Pumpfun will start this week, thanks to @MigrateFun 

You will have 2 weeks to commit your tokens.
The more people commit to the migration, the bigger the initial LP will be. This is important and is why there will be a 10% penalty to motivate a swap 😊

That said, the migration process is extremely simple and will take less than 2 minutes.

The $BER supply will remain 1B with the new CA. Even if you have 1 $BER and commit within the 2-week period, you’ll receive 1 $BER with the new CA.

We’re very excited for our next chapter on Pump!","en","Retweet","ber","berberbersol","1547","11","11","0","18","0","2025-12-09 12:28:32","https://x.com/berberbersol/status/1998248374286659773","<a href=""http://twitter.com/download/iphone"" rel=""nofollow"">Twitter for iPhone</a>","","","photo","https://pbs.twimg.com/media/G7s0TYfacAA8ktO.jpg"
"1998154370886860864","Good Day Akashians.

The time for migration approaches, here are the details and relevant information:

1. The Migration process back into the new @Pumpfun contract has many advantages, including but not limited to @Akasha_Rising being able to stream experiments, demos and capabilities. 

2. Creator rewards will fuel company speed and community contests, holder benefits, activities etc. 

3. Open Path AI is going to be our direction this next year, as Akasha and her agents progress into stronger forms, having the ability to stream and show advancements will make a great difference as opposed to building in the background. 

4. The Migration process starts tomorrow through @MigrateFun, be sure to only connect to the site published by them and us to avoid getting scammed. 

5. The migration will be 1:1, whatever holdings you have on AKA you will get of the new contract. 

6. We will migrate as much liquidity as possible, which is dependent on how many people participate on the migration, the more the better. 

7. The migration window of 1:1 will extend until January 5th, right before the new contract is launched. 

8. ""Extended migration"" will extend for 90 days after January 5th, with a PENALTY OF 50%, the ratio will not be 1:1 if you try to claim your tokens after the launch. 

What to do:

We will publish the link tomorrow as to where you need to connect your wallet and DEPOSIT your tokens for migration, once the new launch happens, the same wallet will be able to claim the new tokens.

The plans, partners and surprises for end of the year and 2026 will be getting published accordingly. 

We know exactly in which market conditions we currently are, and are not intimidated by them. 

Trends and metas come and go, but a solid team of builders and a solid community are the foundation for the strongest and most explosive comebacks in the market. 

Our tech, vision and strategies stand unbothered, and to those that have stood with us throughs tops and bottoms, we see you, and so does she!

Prepare to migrate.","en","Retweet","BLOOM","Bloomverse","3303","11","27","1","53","3","2025-12-09 06:15:00","https://x.com/Bloomverse/status/1998154370886860864","<a href=""https://mobile.twitter.com"" rel=""nofollow"">Twitter Web App</a>","","","video","https://video.twimg.com/amplify_video/1998154305178849280/vid/avc1/1280x720/ZS2Yuq45dSichqZH.mp4?tag=21"
"1998072070953894250","We are excited to offer a brand new pathway to the @Pumpfun ecosystem.

Creators and their communities can now migrate their liquidity to pump and experience all features their platform has to offer. 

Tomorrow, we launch this new product with 20+ teams who are eager to enter pump's ICM and CCM markets!","en","Tweet","Migrate.Fun (MIGRATING NOW)","MigrateFun","8199","45","46","6","145","6","2025-12-09 00:47:58","https://x.com/MigrateFun/status/1998072070953894250","<a href=""https://mobile.twitter.com"" rel=""nofollow"">Twitter Web App</a>","","","photo","https://pbs.twimg.com/media/G7qR_9taoAAG6B3.jpg"
"1997905227689927145","We are excited to support @WaterMinder_app's migration to @Pumpfun beginning on December 9th.

Turn 🔔 on and stay tuned. https://t.co/zsobVZMTS8","en","Tweet","Migrate.Fun (MIGRATING NOW)","MigrateFun","2359","1","14","2","18","0","2025-12-08 13:45:00","https://x.com/MigrateFun/status/1997905227689927145","<a href=""https://mobile.twitter.com"" rel=""nofollow"">Twitter Web App</a>","","","photo","https://pbs.twimg.com/media/G7HcW5CboAA8BEo.jpg"
"1997841810069274970","We are excited to support @TheTitCoin's migration to @Pumpfun beginning on December 9th.

Turn 🔔 on and stay tuned. https://t.co/34uUegltgw","en","Tweet","Migrate.Fun (MIGRATING NOW)","MigrateFun","2360","6","10","0","32","3","2025-12-08 09:33:00","https://x.com/MigrateFun/status/1997841810069274970","<a href=""https://mobile.twitter.com"" rel=""nofollow"">Twitter Web App</a>","","","photo","https://pbs.twimg.com/media/G7HcP3LbgAIbS8I.jpg"
"1997778435393942015","Migration begins in 2 days!

We’re entering the most crucial stage of our transition from Believe to @Pumpfun.

Please make sure you interact only with official links, do not click on any $FASH migration pages other than those shared by @MigrateFun or @Fash_AI.

Here is the official migration link. You can claim your tokens without any penalty until December 23rd:

🔗 https://t.co/0lnkMW5rnJ","en","Retweet","FashAI","Fash_AI","1847","1","5","0","23","1","2025-12-08 05:21:10","https://x.com/Fash_AI/status/1997778435393942015","<a href=""https://mobile.twitter.com"" rel=""nofollow"">Twitter Web App</a>","","","photo","https://pbs.twimg.com/media/G7mIuHcWYAAEqDK.jpg"
"1997783598179745948","$PNP migration to @PumpFun is coming soon  

The migration window opens December 9th, 2025 and stays open until December 16th.  

If you're holding the current token, you'll need to deposit it on the @MigrateFun site during that week. Tokens won't migrate on their own, so please make sure you complete the deposit manually.

Once the migration window closes on the 16th, you'll be able to claim your new $PNP tokens from the updated contract. 

If you miss the main window, there's a 90-day post-migration period where the old $PNP (on Believe) can still be exchanged for the new token with a 20% penalty. After those 90 days, old tokens stop being redeemable.  

NB: There is no dilution, the supply stays exactly the same  

Trading on the current CA continues until December 16th. After that, only the new PumpFun CA will be supported.  

We'll share the new contract address here as soon as it's live.","en","Retweet","PNP Exchange | Prediction Market Launchpad","predictandpump","5797","5","11","1","34","7","2025-12-08 05:41:41","https://x.com/predictandpump/status/1997783598179745948","<a href=""https://mobile.twitter.com"" rel=""nofollow"">Twitter Web App</a>","","","photo","https://pbs.twimg.com/media/G7mI9vHbcAAm1Yd.jpg"
"1997783425076674803","We are excited to support @SolarisAI_fun's migration to @Pumpfun beginning on December 9th.

Turn 🔔 on and stay tuned. https://t.co/AbWGQot2KE","en","Tweet","Migrate.Fun (MIGRATING NOW)","MigrateFun","2267","7","17","1","34","4","2025-12-08 05:41:00","https://x.com/MigrateFun/status/1997783425076674803","<a href=""https://mobile.twitter.com"" rel=""nofollow"">Twitter Web App</a>","","","photo","https://pbs.twimg.com/media/G7HcITzbwAAMvNt.jpg"
"1997716735613702443","We are excited to support @swarmnode's migration to @Pumpfun beginning on December 9th.

Turn 🔔 on and stay tuned. https://t.co/XevvcN7XhP","en","Tweet","Migrate.Fun (MIGRATING NOW)","MigrateFun","4870","7","35","1","57","2","2025-12-08 01:16:00","https://x.com/MigrateFun/status/1997716735613702443","<a href=""https://mobile.twitter.com"" rel=""nofollow"">Twitter Web App</a>","","","photo","https://pbs.twimg.com/media/G7HcBw5aAAADf0d.jpg"
"1997668669305032967","We are excited to support @RECCFinance's migration to @Pumpfun beginning on December 9th.

Turn 🔔 on and stay tuned. https://t.co/MjmqxxYNXT","en","Tweet","Migrate.Fun (MIGRATING NOW)","MigrateFun","2159","4","12","0","40","1","2025-12-07 22:05:00","https://x.com/MigrateFun/status/1997668669305032967","<a href=""https://mobile.twitter.com"" rel=""nofollow"">Twitter Web App</a>","","","photo","https://pbs.twimg.com/media/G7Hb8DWbsAAVflo.jpg"
"1997493768602444184","We are excited to support @realisworlds's migration to @Pumpfun beginning on December 9th.

Turn 🔔 on and stay tuned. https://t.co/5iXZVNSE1X","en","Tweet","Migrate.Fun (MIGRATING NOW)","MigrateFun","2832","5","15","0","49","1","2025-12-07 10:30:00","https://x.com/MigrateFun/status/1997493768602444184","<a href=""https://mobile.twitter.com"" rel=""nofollow"">Twitter Web App</a>","","","photo","https://pbs.twimg.com/media/G7HbzQgbgAUQs0J.jpg"
"1997399520557379686","We are excited to support @rainmakerdotfun's migration to @Pumpfun beginning on December 9th.

Turn 🔔 on and stay tuned. https://t.co/YW9xjTvIR5","en","Tweet","Migrate.Fun (MIGRATING NOW)","MigrateFun","6735","34","74","1","135","18","2025-12-07 04:15:30","https://x.com/MigrateFun/status/1997399520557379686","<a href=""https://mobile.twitter.com"" rel=""nofollow"">Twitter Web App</a>","","","photo","https://pbs.twimg.com/media/G7HbrzLaMAAQM5h.jpg"
"1997089192761757740","How does the migration work and impact my coins?

1) There is no dilution, the supply stays exactly the same

2) On the day of the migration, you just send you're current $Hosico to @MigrateFun and then receive your new ones

3) We are not leaving bonk, 
just updating the current lp to be denominated in $USD1 instead of $SOL to participate in the @worldlibertyfi eco with @bonkfun","en","Retweet","Hosico ™ ✨","Hosico_on_sol","5423","10","14","1","50","6","2025-12-06 07:42:22","https://x.com/Hosico_on_sol/status/1997089192761757740","<a href=""https://mobile.twitter.com"" rel=""nofollow"">Twitter Web App</a>","","","",""
"1997335222925553928","We are excited to support @pyrodotbuzz's migration to @Pumpfun beginning on December 9th.

Turn 🔔 on and stay tuned. https://t.co/Dz6NQv9LdX","en","Tweet","Migrate.Fun (MIGRATING NOW)","MigrateFun","2157","0","11","0","21","0","2025-12-07 00:00:00","https://x.com/MigrateFun/status/1997335222925553928","<a href=""https://mobile.twitter.com"" rel=""nofollow"">Twitter Web App</a>","","","photo","https://pbs.twimg.com/media/G7Hbih6bgAQWvqT.jpg"
"1997153776315011323","We are excited to support @promptbidder's migration to @Pumpfun beginning on December 9th.

Turn 🔔 on and stay tuned. https://t.co/plqrx8zvCW","en","Tweet","Migrate.Fun (MIGRATING NOW)","MigrateFun","2331","2","7","1","20","2","2025-12-06 11:59:00","https://x.com/MigrateFun/status/1997153776315011323","<a href=""https://mobile.twitter.com"" rel=""nofollow"">Twitter Web App</a>","","","photo","https://pbs.twimg.com/media/G7HbYRibgAEuzPM.jpg"
"1997105733444477199","edging closer and closer to migration w @MigrateFun &amp; @Pumpfun.  details ⬇️ https://t.co/cJmVoPOYtM","en","Retweet","Outlast","theOutlastApp","2038","3","6","0","18","0","2025-12-06 08:48:05","https://x.com/theOutlastApp/status/1997105733444477199","<a href=""https://mobile.twitter.com"" rel=""nofollow"">Twitter Web App</a>","","","photo","https://pbs.twimg.com/media/G7ck_6BagAAnGzY.jpg"
"1997084570483834927","We are excited to support @ParagonTweaks's migration to @Pumpfun beginning on December 9th.

Turn 🔔 on and stay tuned. https://t.co/DXSStDdh6E","en","Tweet","Migrate.Fun (MIGRATING NOW)","MigrateFun","3910","9","20","0","51","4","2025-12-06 07:24:00","https://x.com/MigrateFun/status/1997084570483834927","<a href=""https://mobile.twitter.com"" rel=""nofollow"">Twitter Web App</a>","","","photo","https://pbs.twimg.com/media/G7HbQ6xbgAEWU_H.jpg"
"1997056836143559083","A ""Details"" tab has been added to every upcoming, migrating, and claims portal. 

Within each page you will find 
-Countdown Timer 
-Old Token
-New Token
-Migration Mechanics 
-Migration Progress
-Timelines &amp; Deadlines

Every page is sharable and fitted to each project. https://t.co/G6H6sz6rUS","en","Tweet","Migrate.Fun (MIGRATING NOW)","MigrateFun","1867","8","11","1","26","1","2025-12-06 05:33:47","https://x.com/MigrateFun/status/1997056836143559083","<a href=""https://mobile.twitter.com"" rel=""nofollow"">Twitter Web App</a>","","","video","https://video.twimg.com/amplify_video/1997056283758022656/vid/avc1/3024x1576/U1CrUYI0jcoLKyy5.mp4?tag=21"
"1997004291639595385","We are excited to support @predictandpump's migration to @Pumpfun beginning on December 9th.

Turn 🔔 on and stay tuned. https://t.co/MY9t5iHg1Q","en","Tweet","Migrate.Fun (MIGRATING NOW)","MigrateFun","915","2","3","0","10","0","2025-12-06 02:05:00","https://x.com/MigrateFun/status/1997004291639595385","<a href=""https://mobile.twitter.com"" rel=""nofollow"">Twitter Web App</a>","","","photo","https://pbs.twimg.com/media/G7HbI4obgAEFtWA.jpg"
"1996951947190964287","We are excited to support @AgentNyla's migration to @Pumpfun beginning on December 9th.

Turn 🔔 on and stay tuned. https://t.co/ypkxMMUzdg","en","Tweet","Migrate.Fun (MIGRATING NOW)","MigrateFun","5501","33","54","7","100","7","2025-12-05 22:37:00","https://x.com/MigrateFun/status/1996951947190964287","<a href=""https://mobile.twitter.com"" rel=""nofollow"">Twitter Web App</a>","","","photo","https://pbs.twimg.com/media/G7HbAIXbgAA4dTh.jpg"
"1996839706743775289","We are excited to support @innovosensAB's migration to @Pumpfun beginning on December 9th.

Turn 🔔 on and stay tuned. https://t.co/K9SD4lyaIU","en","Tweet","Migrate.Fun (MIGRATING NOW)","MigrateFun","1527","2","12","0","27","1","2025-12-05 15:11:00","https://x.com/MigrateFun/status/1996839706743775289","<a href=""https://mobile.twitter.com"" rel=""nofollow"">Twitter Web App</a>","","","photo","https://pbs.twimg.com/media/G7HazO2b0AAQZK-.jpg"
"1996760685867319480","We are excited to support @gomugator's migration to @Pumpfun beginning on December 9th.

Turn 🔔 on and stay tuned. https://t.co/3xnfgKaS4J","en","Tweet","Migrate.Fun (MIGRATING NOW)","MigrateFun","1660","4","11","0","35","1","2025-12-05 09:57:00","https://x.com/MigrateFun/status/1996760685867319480","<a href=""https://mobile.twitter.com"" rel=""nofollow"">Twitter Web App</a>","","","photo","https://pbs.twimg.com/media/G7HarhjaAAAymCi.jpg"
"1996689110593929485","The @memeversemmo migration is complete🥳 

Go to https://t.co/UY8HTs25Nx and claim your new tokens👇 https://t.co/aRT1qctPxN","en","Tweet","Migrate.Fun (MIGRATING NOW)","MigrateFun","1159","2","6","0","18","0","2025-12-05 05:12:35","https://x.com/MigrateFun/status/1996689110593929485","<a href=""https://mobile.twitter.com"" rel=""nofollow"">Twitter Web App</a>","","http://migrate.fun","video","https://video.twimg.com/amplify_video/1996688926522724352/vid/avc1/2836x1524/VVlzVX_8QhK15wss.mp4?tag=21"
"1996661281118663112","We are excited to support @Fash_AI 's migration to @Pumpfun beginning on December 9th.

Turn 🔔 on and stay tuned. https://t.co/KwFJSpUuTK","en","Tweet","Migrate.Fun (MIGRATING NOW)","MigrateFun","1301","2","6","0","19","0","2025-12-05 03:22:00","https://x.com/MigrateFun/status/1996661281118663112","<a href=""https://mobile.twitter.com"" rel=""nofollow"">Twitter Web App</a>","","","photo","https://pbs.twimg.com/media/G7HajfTaEAAZpUU.jpg"
"1996647463445516742","Congrats @SackboysBonk on your migration and rebrand to @memeversemmo! 

Migrators can now claim their MEMEVERSE tokens inside of the claim portal: https://t.co/HIZT8k0hT2","en","Tweet","Migrate.Fun (MIGRATING NOW)","MigrateFun","2816","0","5","0","17","0","2025-12-05 02:27:05","https://x.com/MigrateFun/status/1996647463445516742","<a href=""https://mobile.twitter.com"" rel=""nofollow"">Twitter Web App</a>","","https://migrate.fun/claim/mig77","",""
"1996645562796724666","Live with migrating teams @innovosensAB and @ParagonTweaks","en","Tweet","Migrate.Fun (MIGRATING NOW)","MigrateFun","1303","0","2","0","7","0","2025-12-05 02:19:32","https://x.com/MigrateFun/status/1996645562796724666","<a href=""https://mobile.twitter.com"" rel=""nofollow"">Twitter Web App</a>","","","",""
"1996640926685593693","https://t.co/focUiGtO4z","zxx","Quoted","Emblem Vault","EmblemVault","2522","9","22","1","32","2","2025-12-05 02:01:07","https://x.com/EmblemVault/status/1996640926685593693","<a href=""http://twitter.com/download/iphone"" rel=""nofollow"">Twitter for iPhone</a>","","https://x.com/i/spaces/1BRKjgrZbejGw","",""
"1996606671347696120","We are excited to support @theOutlastApp's migration to @Pumpfun beginning on December 9th.

Turn 🔔 on and stay tuned. https://t.co/HWDWr1onBl","en","Tweet","Migrate.Fun (MIGRATING NOW)","MigrateFun","2209","4","2","1","16","1","2025-12-04 23:45:00","https://x.com/MigrateFun/status/1996606671347696120","<a href=""https://mobile.twitter.com"" rel=""nofollow"">Twitter Web App</a>","","","photo","https://pbs.twimg.com/media/G7HaZ4JbkAAtp3H.jpg"
"1996591206843723870","The @Bybit_Web3 exchange has completed its @PayAINetwork migration.
https://t.co/RYKNNuVhPO","en","Tweet","Migrate.Fun (MIGRATING NOW)","MigrateFun","6039","6","19","1","68","0","2025-12-04 22:43:33","https://x.com/MigrateFun/status/1996591206843723870","<a href=""http://twitter.com/download/iphone"" rel=""nofollow"">Twitter for iPhone</a>","","https://announcements.bybit.com/en/article/1-new-assets-launched-on-bybit-alpha-blt6930c44b7ca734e2/","",""
"1996469769134895382","We are excited to support @DCAtoDCA's migration to @Pumpfun beginning on December 9th.

Turn 🔔 on and stay tuned. https://t.co/66fW7GRnCN","en","Tweet","Migrate.Fun (MIGRATING NOW)","MigrateFun","2004","11","9","3","28","2","2025-12-04 14:41:00","https://x.com/MigrateFun/status/1996469769134895382","<a href=""https://mobile.twitter.com"" rel=""nofollow"">Twitter Web App</a>","","","photo","https://pbs.twimg.com/media/G7HaP17bgAE1q2I.jpg"
"1996322297389711722","We are excited to support @network_cities_'s migration to @Pumpfun beginning on December 9th.

Turn 🔔 on and stay tuned. https://t.co/3KA2Ab1kYl","en","Tweet","Migrate.Fun (MIGRATING NOW)","MigrateFun","1553","1","6","0","24","1","2025-12-04 04:55:00","https://x.com/MigrateFun/status/1996322297389711722","<a href=""https://mobile.twitter.com"" rel=""nofollow"">Twitter Web App</a>","","","photo","https://pbs.twimg.com/media/G7HaHI1bgAYYgiP.jpg"
"1996274143604662644","🚨 MEMEVERSE migration ends tomorrow 🚨","en","Tweet","Migrate.Fun (MIGRATING NOW)","MigrateFun","2048","0","4","0","13","0","2025-12-04 01:43:39","https://x.com/MigrateFun/status/1996274143604662644","<a href=""https://mobile.twitter.com"" rel=""nofollow"">Twitter Web App</a>","","","",""
"1996231909450367086","MIGRATION ENDS TOMORROW EVERYONE! MAKE SURE TO MIGRATE BEFORE TOMORROW, DEC 4 1PM EST. IF YOU DON'T MIGRATE IN TIME YOU WILL HAVE 90 DAYS AFTER AND INCUR A LATE PENALTY OF LOSING 25% OF YOUR SUPPLY!","en","Quoted","Sackboys","SackboysBonk","3712","3","4","1","14","0","2025-12-03 22:55:50","https://x.com/SackboysBonk/status/1996231909450367086","<a href=""https://mobile.twitter.com"" rel=""nofollow"">Twitter Web App</a>","","","",""
"1996222137833836914","We are excited to support @berberbersol's migration to @Pumpfun beginning on December 9th.

Turn 🔔 on and stay tuned. https://t.co/tK9awuSwEa","en","Tweet","Migrate.Fun (MIGRATING NOW)","MigrateFun","1442","5","8","0","23","0","2025-12-03 22:17:00","https://x.com/MigrateFun/status/1996222137833836914","<a href=""https://mobile.twitter.com"" rel=""nofollow"">Twitter Web App</a>","","","photo","https://pbs.twimg.com/media/G7HZ7SbacAANlv1.jpg"
"1996068626013581495","We are excited to support @Akasha_Rising's migration to @Pumpfun beginning on December 9th.

Turn 🔔 on and stay tuned. https://t.co/1tGZBpsglw","en","Tweet","Migrate.Fun (MIGRATING NOW)","MigrateFun","4374","8","13","1","44","2","2025-12-03 12:07:00","https://x.com/MigrateFun/status/1996068626013581495","<a href=""https://mobile.twitter.com"" rel=""nofollow"">Twitter Web App</a>","","","photo","https://pbs.twimg.com/media/G7HZqqRbgAQLpz2.jpg"
"1995962426492359066","We are excited to support @Agok_AI's migration to @Pumpfun beginning on December 9th.

Turn 🔔 on and stay tuned. https://t.co/BxPFSB4wdq","en","Tweet","Migrate.Fun (MIGRATING NOW)","MigrateFun","1928","2","7","0","30","1","2025-12-03 05:05:00","https://x.com/MigrateFun/status/1995962426492359066","<a href=""https://mobile.twitter.com"" rel=""nofollow"">Twitter Web App</a>","","","photo","https://pbs.twimg.com/media/G7HZjZ2bgAQMRr8.jpg"
"1995954875839262855","https://t.co/t9jgzJIgex","zxx","Tweet","Migrate.Fun (MIGRATING NOW)","MigrateFun","980","0","2","0","7","1","2025-12-03 04:35:00","https://x.com/MigrateFun/status/1995954875839262855","<a href=""https://mobile.twitter.com"" rel=""nofollow"">Twitter Web App</a>","","https://x.com/i/spaces/1LyxBXrkXEYGN","",""
"1995930551359078412","@gomca_ @chonkycom @bonk_inu @Bonkswap_io @bonkfun We are in contact with @swissborg and working through comms with them.","en","Reply","Migrate.Fun (MIGRATING NOW)","MigrateFun","24","1","0","0","0","0","2025-12-03 02:58:20","https://x.com/MigrateFun/status/1995930551359078412","<a href=""https://mobile.twitter.com"" rel=""nofollow"">Twitter Web App</a>","","","",""
"1995871829752193264","We are excited to support @acedatacloud's migration to @Pumpfun beginning on December 9th. 

Turn 🔔 on and stay tuned. https://t.co/fmPIfBoidJ","en","Tweet","Migrate.Fun (MIGRATING NOW)","MigrateFun","7522","14","16","2","55","6","2025-12-02 23:05:00","https://x.com/MigrateFun/status/1995871829752193264","<a href=""https://mobile.twitter.com"" rel=""nofollow"">Twitter Web App</a>","","","photo","https://pbs.twimg.com/media/G7HZGeQasAAypeG.jpg"
"1995592641673920713","@rinegade_sol @Pumpfun If you are interested in a migration DM us and we can discuss options 🤝","en","Reply","Migrate.Fun (MIGRATING NOW)","MigrateFun","1414","0","0","0","1","0","2025-12-02 04:35:36","https://x.com/MigrateFun/status/1995592641673920713","<a href=""http://twitter.com/download/iphone"" rel=""nofollow"">Twitter for iPhone</a>","","","",""
"1995551629614239816","@0xBunzy @Pumpfun 🔄","qme","Reply","Migrate.Fun (MIGRATING NOW)","MigrateFun","218","0","0","0","1","0","2025-12-02 01:52:38","https://x.com/MigrateFun/status/1995551629614239816","<a href=""https://mobile.twitter.com"" rel=""nofollow"">Twitter Web App</a>","","","",""
"1995551449007411343","Update regarding $PAYAI migration on @Bybit_Web3","en","Tweet","Migrate.Fun (MIGRATING NOW)","MigrateFun","2434","0","1","0","21","0","2025-12-02 01:51:55","https://x.com/MigrateFun/status/1995551449007411343","<a href=""https://mobile.twitter.com"" rel=""nofollow"">Twitter Web App</a>","","","",""
"1995488230859330012","📢 Announcement: PAYAI Token Contract Migration

To support the upgrade of the $PAYAI contract, Alpha will conduct a token swap based on the project’s updated contract address.

More information → https://t.co/zecnaC3bXB

#Bybit #CryptoArk","en","Quoted","Bybit Alpha","Bybit_Web3","6623","1","10","2","42","0","2025-12-01 21:40:43","https://x.com/Bybit_Web3/status/1995488230859330012","<a href=""https://mobile.twitter.com"" rel=""nofollow"">Twitter Web App</a>","#Bybit, #CryptoArk","https://i.bybit.com/LhMXabb","photo","https://pbs.twimg.com/media/G7FbLIgWQAAFzIJ.jpg"
"1995541206722642181","***ZERA has already migrated and is a typo","en","Reply","Migrate.Fun (MIGRATING NOW)","MigrateFun","3705","1","0","0","16","0","2025-12-02 01:11:13","https://x.com/MigrateFun/status/1995541206722642181","<a href=""https://mobile.twitter.com"" rel=""nofollow"">Twitter Web App</a>","","","",""
"1995528964560019530","Migratefun will be migrating 23 teams to @Pumpfun beginning on December 9th, marking our largest migration group in platform history!

Turn 🔔 on and stay tuned for more information about this historic event. https://t.co/PJtAoYkB2D","en","Tweet","Migrate.Fun (MIGRATING NOW)","MigrateFun","62532","109","126","35","359","38","2025-12-02 00:22:34","https://x.com/MigrateFun/status/1995528964560019530","<a href=""https://mobile.twitter.com"" rel=""nofollow"">Twitter Web App</a>","","","photo","https://pbs.twimg.com/media/G7GImjAbkAAh1a6.jpg"
"1994110380491329777","The @SuperEx_VietNam exchange has completed its migration of @PayAINetwork. https://t.co/1avfplIdnw","en","Tweet","Migrate.Fun (MIGRATING NOW)","MigrateFun","2137","3","18","0","33","1","2025-11-28 02:25:38","https://x.com/MigrateFun/status/1994110380491329777","<a href=""https://mobile.twitter.com"" rel=""nofollow"">Twitter Web App</a>","","","photo","https://pbs.twimg.com/media/G6yAqikaAAENCaw.jpg"
"1994094954717827496","Q&amp;A with @pyrodotbuzz tomorrow","en","Tweet","Migrate.Fun (MIGRATING NOW)","MigrateFun","2166","0","3","0","16","1","2025-11-28 01:24:20","https://x.com/MigrateFun/status/1994094954717827496","<a href=""https://mobile.twitter.com"" rel=""nofollow"">Twitter Web App</a>","","","",""
"1993728988246643067","Join us at 11AM EST/8AM PST for the full deets on the $PYRO token’s upcoming migration to @Pumpfun. 🚀

Set those reminders! 
https://t.co/IxP4rYYoUe","en","Quoted","Pyro","pyrodotbuzz","4713","7","7","4","21","0","2025-11-27 01:10:07","https://x.com/pyrodotbuzz/status/1993728988246643067","<a href=""http://twitter.com/download/iphone"" rel=""nofollow"">Twitter for iPhone</a>","","https://x.com/i/spaces/1DXGyWEYQLbxM","",""
"1993723859368038565","@germanstom @BaoBaoBonk @IamNakedJim @HOLDLYNK @SackboysBonk @PayAINetwork @BinanceWallet You can connect with Binance wallet through Walletconnect","en","Reply","Migrate.Fun (MIGRATING NOW)","MigrateFun","180","2","0","0","3","0","2025-11-27 00:49:44","https://x.com/MigrateFun/status/1993723859368038565","<a href=""https://mobile.twitter.com"" rel=""nofollow"">Twitter Web App</a>","","","",""
"1993720770384851193","In coordination with @MeteoraAG, all migrating projects will feature a warning label that a migration is taking place in the near future. 

If you are a liquidity provider for a project that is migrating we recommend to remove your position as soon as possible. https://t.co/7obbrnKj8z","en","Tweet","Migrate.Fun (MIGRATING NOW)","MigrateFun","10404","10","16","3","54","3","2025-11-27 00:37:27","https://x.com/MigrateFun/status/1993720770384851193","<a href=""https://mobile.twitter.com"" rel=""nofollow"">Twitter Web App</a>","","","photo","https://pbs.twimg.com/media/G6seBgTb0AA7D_T.png"
"1993682241407295547","Thank you @MEXC_Official for completing the @PayAINetwork migration.  https://t.co/FoO55pxg1f","en","Tweet","Migrate.Fun (MIGRATING NOW)","MigrateFun","8863","8","18","1","87","2","2025-11-26 22:04:21","https://x.com/MigrateFun/status/1993682241407295547","<a href=""http://twitter.com/download/iphone"" rel=""nofollow"">Twitter for iPhone</a>","","https://www.mexc.com/announcements/article/mexc-completes-payai-network-payai-contract-swap-17827791531969","",""
"1993625785345933433","The @BitMartExchange has completed the @PayAINetwork migration.

https://t.co/HlLwsdnuQ4","en","Tweet","Migrate.Fun (MIGRATING NOW)","MigrateFun","6577","1","12","1","70","0","2025-11-26 18:20:01","https://x.com/MigrateFun/status/1993625785345933433","<a href=""https://mobile.twitter.com"" rel=""nofollow"">Twitter Web App</a>","","https://bitmart.zendesk.com/hc/en-us/articles/43724439532059-BitMart-Has-Completed-PAYAI-Smart-Contract-Swap","",""
"1993624820727341338","Thanks to @Poloniex for completing the @PayAINetwork migration.

$PAYAI deposits and withdrawals are now resumed.
https://t.co/VMBYLmVNri","en","Tweet","Migrate.Fun (MIGRATING NOW)","MigrateFun","8061","3","12","1","66","0","2025-11-26 18:16:11","https://x.com/MigrateFun/status/1993624820727341338","<a href=""https://mobile.twitter.com"" rel=""nofollow"">Twitter Web App</a>","","https://support.poloniex.com/hc/en-us/articles/36590456595991-Poloniex-Completes-PayAI-Network-PAYAI-Contract-Upgrade-and-Resumes-Deposits-and-Withdrawals","",""
"1993377655555829960","@swarmnode 🔄🔄🔄🔄","qme","Reply","Migrate.Fun (MIGRATING NOW)","MigrateFun","447","0","0","0","1","0","2025-11-26 01:54:02","https://x.com/MigrateFun/status/1993377655555829960","<a href=""https://mobile.twitter.com"" rel=""nofollow"">Twitter Web App</a>","","","",""
"1993357381544079798","@swarmnode 🔄","qme","Reply","Migrate.Fun (MIGRATING NOW)","MigrateFun","1644","2","0","0","4","0","2025-11-26 00:33:29","https://x.com/MigrateFun/status/1993357381544079798","<a href=""https://mobile.twitter.com"" rel=""nofollow"">Twitter Web App</a>","","","",""
"1993356998918742096","How to claim your @BaoBaoBonk tokens👇

Go to👉https://t.co/UY8HTs25Nx https://t.co/xhYlo1Bd9f","en","Tweet","Migrate.Fun (MIGRATING NOW)","MigrateFun","4768","5","12","1","27","2","2025-11-26 00:31:57","https://x.com/MigrateFun/status/1993356998918742096","<a href=""https://mobile.twitter.com"" rel=""nofollow"">Twitter Web App</a>","","http://migrate.fun","video","https://video.twimg.com/amplify_video/1993356570059489280/vid/avc1/2836x1524/VMHEnA-004pHexqW.mp4?tag=21"
"1993076825728467402","@gomugator @Pumpfun 🔄🔄🔄","qme","Reply","Migrate.Fun (MIGRATING NOW)","MigrateFun","277","0","0","0","4","0","2025-11-25 05:58:39","https://x.com/MigrateFun/status/1993076825728467402","<a href=""https://mobile.twitter.com"" rel=""nofollow"">Twitter Web App</a>","","","",""
"1993038966078292439","Teams rewarding their token holders who migrate 👏","en","Tweet","Migrate.Fun (MIGRATING NOW)","MigrateFun","2798","1","6","0","31","0","2025-11-25 03:28:13","https://x.com/MigrateFun/status/1993038966078292439","<a href=""https://mobile.twitter.com"" rel=""nofollow"">Twitter Web App</a>","","","",""
"1992986570836603250","🔥 Pyro Partnership 🔥 

Pyro is partnering with @torqueprotocol to launch a custom rewards program supporting our token migration from Believe to @Pumpfun. 

Holders who migrate their tokens through @MigrateFun and continue to hold $PYRO after the migration will receive PYRO rewards. 

Holding PYRO before the migration ensures eligibility once the process begins. 

This program is the first of several incentives initiatives we are building with Torque and is designed to ensure a smooth migration and strong post-migration liquidity for PYRO on Pump.

Full details later this week.","en","Quoted","Pyro","pyrodotbuzz","4793","7","9","2","30","0","2025-11-25 00:00:01","https://x.com/pyrodotbuzz/status/1992986570836603250","<a href=""http://twitter.com"" rel=""nofollow"">Twitter Web Client</a>","","","photo","https://pbs.twimg.com/media/G6iAoIQWoAAOaDd.jpg"
"1992994359378432332","LBank Will Support PAYAI Token Contract Upgrade and Migration https://t.co/o2DXA6qY2L","en","Tweet","Migrate.Fun (MIGRATING NOW)","MigrateFun","5060","2","10","0","43","1","2025-11-25 00:30:57","https://x.com/MigrateFun/status/1992994359378432332","<a href=""https://mobile.twitter.com"" rel=""nofollow"">Twitter Web App</a>","","https://www.lbank.com/support/articles/1992779986309742592","",""
"1992982486339772478","@BingXListing @PayAINetwork 🫡","qme","Reply","Migrate.Fun (MIGRATING NOW)","MigrateFun","274","0","0","0","5","0","2025-11-24 23:43:47","https://x.com/MigrateFun/status/1992982486339772478","<a href=""https://mobile.twitter.com"" rel=""nofollow"">Twitter Web App</a>","","","",""
"1992944593743265859","@berberbersol @RainsRevenge @a1lon9 @Pumpfun @Jakegallen @adamamcbride @chris_devv 🔄","qme","Reply","Migrate.Fun (MIGRATING NOW)","MigrateFun","50","0","0","0","1","0","2025-11-24 21:13:12","https://x.com/MigrateFun/status/1992944593743265859","<a href=""https://mobile.twitter.com"" rel=""nofollow"">Twitter Web App</a>","","","",""
"1991977249625837920","@promptbidder @Pumpfun @RainsRevenge @a1lon9 🔄🔄🔄","qme","Reply","Migrate.Fun (MIGRATING NOW)","MigrateFun","349","1","0","0","5","0","2025-11-22 05:09:20","https://x.com/MigrateFun/status/1991977249625837920","<a href=""https://mobile.twitter.com"" rel=""nofollow"">Twitter Web App</a>","","","",""
"1991966161068826893","@Agok_AI @Pumpfun 🔄💊","qme","Reply","Migrate.Fun (MIGRATING NOW)","MigrateFun","278","0","0","0","1","0","2025-11-22 04:25:16","https://x.com/MigrateFun/status/1991966161068826893","<a href=""https://mobile.twitter.com"" rel=""nofollow"">Twitter Web App</a>","","","",""
"1991955712466112977","Would you build with our migration SDK? 👀","en","Tweet","Migrate.Fun (MIGRATING NOW)","MigrateFun","1653","1","1","0","13","0","2025-11-22 03:43:45","https://x.com/MigrateFun/status/1991955712466112977","<a href=""https://mobile.twitter.com"" rel=""nofollow"">Twitter Web App</a>","","","",""
"1991953239093428533","- Sneak preview - 
Cooking up a full ""Build With Emblem Ai"" developer experience. Anyone can build cross chain @EmblemVault @AgentHustleAI or @MigrateFun apps with ease. Hit me up to be granted early access. https://t.co/upGnU1SNJl","en","Quoted","Shannon Code","Shannoncode","9878","15","19","9","53","4","2025-11-22 03:33:55","https://x.com/Shannoncode/status/1991953239093428533","<a href=""https://mobile.twitter.com"" rel=""nofollow"">Twitter Web App</a>","","","video","https://video.twimg.com/amplify_video/1991951228788441088/vid/avc1/2304x1404/NMrojbxnlc4LKynW.mp4?tag=21"
"1991951122039452065","An update has been pushed to support additional wallets including but not limited to:

-WalletConnect
-Binance
-Tangem
-Jupiter 
-Gate 
-OKX","en","Tweet","Migrate.Fun (MIGRATING NOW)","MigrateFun","2016","0","5","1","19","0","2025-11-22 03:25:30","https://x.com/MigrateFun/status/1991951122039452065","<a href=""https://mobile.twitter.com"" rel=""nofollow"">Twitter Web App</a>","","","",""
"1991305952533074050","Migratefun now supports @WalletConnect! 

If you are migrating, burning MFTs, or claiming in the late you window you can now connect with dozens of unique wallets. 

-MetaMask
-Coinbase
-Phantom
-Binance 
-Ledger 
-Magic Eden
-and so much more! https://t.co/QD1SsLstwO","en","Quoted","Migrate.Fun (MIGRATING NOW)","MigrateFun","9127","6","13","7","42","3","2025-11-20 08:41:50","https://x.com/MigrateFun/status/1991305952533074050","<a href=""https://mobile.twitter.com"" rel=""nofollow"">Twitter Web App</a>","","","video","https://video.twimg.com/amplify_video/1991305814854995968/vid/avc1/3018x1598/Uyn-B8LG4AW5mL2k.mp4?tag=21"
"1991909759835156630","https://t.co/sJMODYIE9H联合OKX与PayAI完成相关AA钱包代币迁移 https://t.co/hicNOmeyvM via @OdailyChina","zxx","Tweet","Migrate.Fun (MIGRATING NOW)","MigrateFun","1049","0","1","0","11","0","2025-11-22 00:41:09","https://x.com/MigrateFun/status/1991909759835156630","<a href=""https://mobile.twitter.com"" rel=""nofollow"">Twitter Web App</a>","","http://Migrate.fun
https://www.odaily.news/zh-CN/newsflash/457786","",""
"1991901621824233979","We are in contact with majority of exchanges and centralized DEXs who are responsive to migratefun's requests. There are some platform that are not willing to work our requests and thus may be subject to complications in the future. 

We are currently working through these channels and providing information to dozens of platform to protect users and thus takes some additional time to announce the official migration dates.

All is in motion and specific will be shared as soon as possible.","en","Reply","Migrate.Fun (MIGRATING NOW)","MigrateFun","110","0","0","0","3","0","2025-11-22 00:08:49","https://x.com/MigrateFun/status/1991901621824233979","<a href=""https://mobile.twitter.com"" rel=""nofollow"">Twitter Web App</a>","","","",""
"1991879906733531176","We’ve successfully completed the migration of PayAI tokens for DEX traders on OKX, in close collaboration with both @okxchinese and the @PayAINetwork.

This effort focused on enhancing support for Account Abstraction (AA) wallets. We provided standardized infrastructure to simplify the migration process, reducing costs and complexity for PayAI, while ensuring a secure and seamless experience for OKX users.

The result was a smooth and efficient migration that met the needs of both the project team and its broader user base.

Big thanks to the teams at OKX and PayAI for their support in helping us build the most robust migration infrastructure in the industry.","en","Tweet","Migrate.Fun (MIGRATING NOW)","MigrateFun","17976","28","28","4","99","1","2025-11-21 22:42:31","https://x.com/MigrateFun/status/1991879906733531176","<a href=""https://mobile.twitter.com"" rel=""nofollow"">Twitter Web App</a>","","","",""
